{"cameraMode":{"drawMode":0,"name":"Shaded","section":"Shading Mode"},"sceneLighting":true,"audioPlay":false,"sceneViewState":{"showFog":true,"showMaterialUpdate":false,"showSkybox":true,"showFlares":true,"showImageEffects":true,"showParticleSystems":true},"in2DMode":false,"pivot":{"x":11.11660099029541,"y":6.226592063903809,"z":-5.341270446777344},"rotation":{"x":0.0007049751002341509,"y":0.9982831478118897,"z":-0.0122891366481781,"w":0.05726524069905281},"size":14.860950469970704,"orthographic":false}