{"cameraMode":{"drawMode":0,"name":"Shaded","section":"Shading Mode"},"sceneLighting":true,"audioPlay":false,"sceneViewState":{"showFog":true,"showMaterialUpdate":false,"showSkybox":true,"showFlares":true,"showImageEffects":true,"showParticleSystems":true},"in2DMode":false,"pivot":{"x":352.38568115234377,"y":139.06619262695313,"z":-489.016845703125},"rotation":{"x":0.002999018644914031,"y":0.025497186928987504,"z":0.00007649204053450376,"w":-0.9996704459190369},"size":332.0411682128906,"orthographic":false}