{"cameraMode":{"drawMode":0,"name":"Shaded","section":"Shading Mode"},"sceneLighting":false,"audioPlay":false,"sceneViewState":{"showFog":true,"showMaterialUpdate":false,"showSkybox":false,"showFlares":true,"showImageEffects":true,"showParticleSystems":true},"in2DMode":false,"pivot":{"x":522.4698486328125,"y":274.6433410644531,"z":-72.76422119140625},"rotation":{"x":0.016499195247888566,"y":-3.454530599356076e-7,"z":-1.4085927091400664e-7,"w":0.9998639225959778},"size":414.3832092285156,"orthographic":false}